{"cameraMode":{"drawMode":0,"name":"Shaded","section":"Shading Mode"},"sceneLighting":true,"audioPlay":false,"sceneViewState":{"m_AlwaysRefresh":false,"showFog":true,"showSkybox":true,"showFlares":true,"showImageEffects":true,"showParticleSystems":true,"showVisualEffectGraphs":true,"m_FxEnabled":true},"in2DMode":false,"pivot":{"x":24.408517837524415,"y":13.44153118133545,"z":16.020797729492189},"rotation":{"x":0.16276632249355317,"y":-0.8071368336677551,"z":0.2606060206890106,"w":0.5041159391403198},"size":0.6138980388641357,"orthographic":false}